Time,BIS
0,0
1,0
2,0
3,0
4,0
5,0
6,0
7,0
8,0
9,0
10,0
11,0
12,0
13,0
14,0
15,0
16,0
17,0
18,0
19,0
20,0
21,0
22,0
23,0
24,0
25,0
26,0
27,0
28,0
29,0
30,0
31,0
32,0
33,0
34,0
35,0
36,0
37,0
38,0
39,0
40,0
41,0
42,0
43,0
44,0
45,0
46,0
47,0
48,0
49,0
50,0
51,0
52,0
53,0
54,0
55,0
56,0
57,0
58,0
59,0
60,0
61,0
62,0
63,0
64,0
65,0
66,0
67,0
68,0
69,0
70,0
71,0
72,0
73,0
74,0
75,0
76,0
77,0
78,0
79,0
80,0
81,0
82,0
83,0
84,0
85,0
86,0
87,0
88,0
89,0
90,0
91,0
92,0
93,0
94,0
95,0
96,0
97,0
98,0
99,0
100,0
101,0
102,0
103,0
104,0
105,0
106,0
107,0
108,0
109,0
110,0
111,0
112,0
113,0
114,0
115,0
116,0
117,0
118,0
119,0
120,0
121,0
122,0
123,0
124,0
125,0
126,0
127,0
128,0
129,0
130,0
131,0
132,0
133,0
134,0
135,0
136,0
137,0
138,0
139,0
140,0
141,0
142,0
143,0
144,0
145,0
146,0
147,0
148,0
149,0
150,0
151,0
152,0
153,0
154,0
155,0
156,0
157,0
158,0
159,0
160,0
161,0
162,0
163,0
164,0
165,0
166,0
167,0
168,0
169,0
170,0
171,0
172,0
173,0
174,0
175,0
176,0
177,0
178,0
179,0
180,0
181,0
182,0
183,0
184,0
185,0
186,0
187,0
188,0
189,0
190,0
191,0
192,0
193,0
194,0
195,0
196,0
197,0
198,0
199,0
200,0
201,0
202,0
203,0
204,0
205,0
206,0
207,0
208,0
209,0
210,0
211,0
212,0
213,0
214,0
215,0
216,0
217,0
218,0
219,0
220,0
221,0
222,0
223,0
224,0
225,0
226,0
227,0
228,0
229,0
230,0
231,0
232,0
233,0
234,0
235,0
236,0
237,0
238,0
239,0
240,0
241,0
242,0
243,0
244,0
245,0
246,0
247,0
248,0
249,0
250,0
251,0
252,0
253,0
254,0
255,0
256,0
257,0
258,0
259,0
260,0
261,0
262,0
263,0
264,0
265,0
266,0
267,0
268,0
269,0
270,0
271,0
272,0
273,0
274,0
275,0
276,0
277,0
278,0
279,0
280,0
281,0
282,0
283,0
284,0
285,0
286,0
287,0
288,0
289,0
290,0
291,0
292,0
293,0
294,0
295,0
296,0
297,0
298,0
299,0
300,0
301,0
302,0
303,0
304,0
305,0
306,0
307,0
308,0
309,0
310,0
311,0
312,0
313,0
314,0
315,0
316,0
317,0
318,0
319,0
320,0
321,0
322,0
323,0
324,0
325,0
326,0
327,0
328,0
329,0
330,0
331,0
332,0
333,0
334,0
335,0
336,0
337,0
338,0
339,0
340,0
341,0
342,0
343,0
344,0
345,0
346,0
347,0
348,0
349,0
350,0
351,0
352,0
353,0
354,0
355,0
356,0
357,0
358,0
359,0
360,0
361,0
362,0
363,0
364,0
365,0
366,0
367,0
368,0
369,0
370,0
371,0
372,0
373,0
374,0
375,0
376,0
377,0
378,0
379,0
380,0
381,0
382,0
383,0
384,0
385,0
386,0
387,0
388,0
389,0
390,0
391,0
392,0
393,0
394,0
395,0
396,0
397,0
398,0
399,0
400,0
401,0
402,0
403,0
404,0
405,0
406,0
407,0
408,0
409,0
410,0
411,0
412,0
413,0
414,0
415,0
416,0
417,0
418,0
419,0
420,0
421,0
422,0
423,0
424,0
425,0
426,0
427,0
428,0
429,0
430,0
431,0
432,0
433,0
434,0
435,0
436,0
437,0
438,0
439,0
440,0
441,0
442,0
443,0
444,0
445,0
446,0
447,0
448,0
449,0
450,0
451,0
452,0
453,0
454,0
455,0
456,0
457,0
458,0
459,0
460,0
461,0
462,0
463,0
464,0
465,0
466,0
467,0
468,0
469,0
470,0
471,0
472,0
473,0
474,0
475,0
476,0
477,0
478,0
479,0
480,0
481,0
482,0
483,0
484,0
485,0
486,0
487,0
488,0
489,0
490,0
491,0
492,0
493,0
494,0
495,0
496,0
497,0
498,0
499,0
500,0
501,0
502,0
503,0
504,0
505,0
506,0
507,0
508,0
509,0
510,0
511,0
512,0
513,0
514,0
515,0
516,0
517,0
518,0
519,0
520,0
521,0
522,0
523,0
524,0
525,0
526,0
527,0
528,0
529,0
530,0
531,0
532,0
533,0
534,0
535,0
536,0
537,0
538,0
539,0
540,0
541,0
542,0
543,0
544,0
545,0
546,0
547,0
548,0
549,0
550,0
551,0
552,0
553,0
554,0
555,0
556,0
557,0
558,0
559,0
560,0
561,0
562,0
563,0
564,0
565,0
566,0
567,0
568,0
569,0
570,0
571,0
572,0
573,0
574,0
575,0
576,0
577,0
578,0
579,0
580,0
581,0
582,0
583,0
584,0
585,0
586,0
587,0
588,0
589,0
590,0
591,0
592,0
593,0
594,0
595,0
596,0
597,0
598,0
599,0
600,0
601,0
602,0
603,0
604,0
605,0
606,0
607,0
608,0
609,0
610,0
611,0
612,0
613,0
614,0
615,0
616,0
617,0
618,0
619,0
620,0
621,0
622,0
623,0
624,0
625,0
626,0
627,0
628,0
629,0
630,0
631,0
632,0
633,0
634,0
635,0
636,0
637,0
638,0
639,0
640,0
641,0
642,0
643,0
644,0
645,0
646,0
647,0
648,0
649,0
650,0
651,0
652,0
653,0
654,0
655,0
656,0
657,0
658,0
659,0
660,0
661,0
662,0
663,0
664,0
665,0
666,0
667,0
668,0
669,0
670,0
671,0
672,0
673,0
674,0
675,0
676,0
677,0
678,0
679,0
680,0
681,0
682,0
683,0
684,0
685,0
686,0
687,0
688,0
689,0
690,0
691,0
692,0
693,0
694,0
695,0
696,0
697,0
698,0
699,0
700,0
701,0
702,0
703,0
704,0
705,0
706,0
707,0
708,0
709,0
710,0
711,0
712,0
713,0
714,0
715,0
716,0
717,0
718,0
719,0
720,0
721,0
722,0
723,0
724,0
725,0
726,0
727,0
728,0
729,0
730,0
731,0
732,0
733,0
734,0
735,0
736,0
737,0
738,0
739,0
740,0
741,0
742,0
743,0
744,0
745,0
746,0
747,0
748,0
749,0
750,0
751,0
752,0
753,0
754,0
755,0
756,0
757,0
758,0
759,0
760,0
761,0
762,0
763,0
764,0
765,0
766,0
767,0
768,0
769,0
770,0
771,0
772,0
773,0
774,0
775,0
776,0
777,0
778,0
779,0
780,0
781,0
782,0
783,0
784,0
785,0
786,0
787,0
788,0
789,0
790,0
791,0
792,0
793,0
794,0
795,0
796,0
797,0
798,0
799,0
800,0
801,0
802,0
803,0
804,0
805,0
806,0
807,0
808,0
809,0
810,0
811,0
812,0
813,0
814,0
815,0
816,0
817,0
818,0
819,0
820,0
821,0
822,0
823,0
824,0
825,0
826,0
827,0
828,0
829,0
830,0
831,0
832,0
833,0
834,0
835,0
836,0
837,0
838,0
839,0
840,0
841,0
842,0
843,0
844,0
845,0
846,0
847,0
848,0
849,0
850,0
851,0
852,0
853,0
854,0
855,0
856,0
857,0
858,0
859,0
860,0
861,0
862,0
863,0
864,0
865,0
866,0
867,0
868,0
869,0
870,0
871,0
872,0
873,0
874,0
875,0
876,0
877,0
878,0
879,0
880,0
881,0
882,0
883,0
884,0
885,0
886,0
887,0
888,0
889,0
890,0
891,0
892,0
893,0
894,0
895,0
896,0
897,0
898,0
899,0
900,0
901,0
902,0
903,0
904,0
905,0
906,0
907,0
908,0
909,0
910,0
911,0
912,0
913,0
914,0
915,0
916,0
917,0
918,0
919,0
920,0
921,0
922,0
923,0
924,0
925,0
926,0
927,0
928,0
929,0
930,0
931,0
932,94
933,93
934,93
935,93
936,93
937,93
938,93
939,93
940,93
941,93
942,93
943,93
944,93
945,93
946,93
947,93
948,93
949,94
950,94
951,94
952,94
953,94
954,94
955,94
956,94
957,94
958,95
959,94
960,94
961,94
962,94
963,95
964,94
965,94
966,94
967,92
968,93
969,93
970,92
971,92
972,92
973,91
974,90
975,90
976,90
977,90
978,90
979,90
980,90
981,90
982,90
983,90
984,90
985,90
986,90
987,90
988,90
989,90
990,89
991,88
992,88
993,88
994,90
995,90
996,90
997,90
998,90
999,90
1000,91
1001,91
1002,90
1003,91
1004,92
1005,92
1006,92
1007,92
1008,92
1009,94
1010,94
1011,94
1012,94
1013,94
1014,94
1015,95
1016,95
1017,95
1018,95
1019,96
1020,96
1021,96
1022,96
1023,96
1024,96
1025,96
1026,96
1027,96
1028,96
1029,96
1030,96
1031,96
1032,96
1033,96
1034,96
1035,96
1036,96
1037,96
1038,97
1039,97
1040,97
1041,97
1042,97
1043,97
1044,97
1045,97
1046,97
1047,97
1048,97
1049,97
1050,97
1051,97
1052,97
1053,97
1054,97
1055,97
1056,97
1057,97
1058,97
1059,97
1060,97
1061,97
1062,97
1063,97
1064,97
1065,97
1066,97
1067,97
1068,97
1069,97
1070,97
1071,97
1072,97
1073,97
1074,97
1075,97
1076,97
1077,97
1078,97
1079,97
1080,97
1081,97
1082,97
1083,97
1084,97
1085,97
1086,97
1087,97
1088,97
1089,97
1090,97
1091,97
1092,97
1093,98
1094,98
1095,98
1096,98
1097,98
1098,98
1099,98
1100,98
1101,98
1102,98
1103,98
1104,98
1105,98
1106,98
1107,98
1108,98
1109,98
1110,98
1111,98
1112,98
1113,98
1114,98
1115,98
1116,98
1117,98
1118,98
1119,98
1120,98
1121,98
1122,98
1123,98
1124,98
1125,98
1126,98
1127,98
1128,98
1129,98
1130,98
1131,98
1132,98
1133,98
1134,98
1135,98
1136,98
1137,98
1138,98
1139,98
1140,98
1141,98
1142,98
1143,98
1144,97
1145,97
1146,97
1147,97
1148,97
1149,97
1150,97
1151,97
1152,97
1153,97
1154,97
1155,97
1156,97
1157,97
1158,97
1159,97
1160,97
1161,98
1162,98
1163,98
1164,98
1165,98
1166,98
1167,98
1168,98
1169,98
1170,98
1171,98
1172,98
1173,98
1174,98
1175,98
1176,98
1177,98
1178,98
1179,98
1180,98
1181,98
1182,98
1183,98
1184,98
1185,98
1186,98
1187,98
1188,98
1189,98
1190,98
1191,98
1192,97
1193,97
1194,98
1195,97
1196,97
1197,97
1198,97
1199,98
1200,98
1201,98
1202,97
1203,98
1204,97
1205,97
1206,97
1207,97
1208,97
1209,96
1210,97
1211,96
1212,97
1213,97
1214,97
1215,97
1216,97
1217,97
1218,97
1219,97
1220,97
1221,97
1222,97
1223,97
1224,97
1225,97
1226,97
1227,97
1228,97
1229,97
1230,97
1231,97
1232,97
1233,97
1234,97
1235,97
1236,97
1237,97
1238,98
1239,98
1240,98
1241,98
1242,98
1243,98
1244,98
1245,98
1246,98
1247,98
1248,98
1249,98
1250,98
1251,98
1252,97
1253,97
1254,97
1255,97
1256,97
1257,97
1258,97
1259,97
1260,97
1261,97
1262,97
1263,97
1264,97
1265,97
1266,97
1267,97
1268,97
1269,97
1270,97
1271,97
1272,97
1273,97
1274,97
1275,97
1276,97
1277,97
1278,97
1279,97
1280,97
1281,97
1282,97
1283,97
1284,97
1285,97
1286,97
1287,97
1288,97
1289,97
1290,97
1291,97
1292,97
1293,97
1294,97
1295,97
1296,97
1297,97
1298,97
1299,97
1300,97
1301,97
1302,97
1303,97
1304,97
1305,97
1306,97
1307,97
1308,97
1309,97
1310,97
1311,97
1312,97
1313,98
1314,98
1315,98
1316,98
1317,98
1318,98
1319,98
1320,98
1321,98
1322,98
1323,98
1324,98
1325,98
1326,97
1327,97
1328,96
1329,96
1330,96
1331,96
1332,97
1333,97
1334,96
1335,95
1336,95
1337,95
1338,95
1339,94
1340,93
1341,92
1342,91
1343,89
1344,86
1345,85
1346,85
1347,85
1348,85
1349,85
1350,85
1351,85
1352,85
1353,82
1354,80
1355,78
1356,77
1357,75
1358,70
1359,67
1360,58
1361,48
1362,43
1363,42
1364,42
1365,40
1366,40
1367,38
1368,37
1369,37
1370,37
1371,38
1372,39
1373,40
1374,40
1375,40
1376,40
1377,38
1378,40
1379,41
1380,42
1381,44
1382,45
1383,44
1384,43
1385,42
1386,42
1387,42
1388,42
1389,42
1390,43
1391,43
1392,44
1393,43
1394,42
1395,43
1396,43
1397,43
1398,43
1399,43
1400,42
1401,42
1402,42
1403,41
1404,42
1405,42
1406,41
1407,42
1408,43
1409,42
1410,41
1411,43
1412,44
1413,44
1414,45
1415,45
1416,45
1417,46
1418,47
1419,48
1420,49
1421,49
1422,51
1423,51
1424,51
1425,51
1426,52
1427,53
1428,53
1429,53
1430,53
1431,52
1432,50
1433,49
1434,48
1435,48
1436,46
1437,46
1438,44
1439,42
1440,40
1441,39
1442,39
1443,39
1444,38
1445,37
1446,37
1447,37
1448,38
1449,38
1450,38
1451,38
1452,40
1453,42
1454,44
1455,46
1456,46
1457,46
1458,46
1459,47
1460,47
1461,47
1462,47
1463,47
1464,47
1465,47
1466,47
1467,46
1468,45
1469,45
1470,45
1471,45
1472,45
1473,45
1474,45
1475,44
1476,43
1477,43
1478,43
1479,44
1480,45
1481,45
1482,45
1483,46
1484,46
1485,47
1486,48
1487,49
1488,49
1489,49
1490,49
1491,50
1492,52
1493,54
1494,56
1495,57
1496,57
1497,55
1498,56
1499,54
1500,53
1501,53
1502,53
1503,52
1504,52
1505,52
1506,52
1507,52
1508,52
1509,52
1510,52
1511,52
1512,52
1513,52
1514,52
1515,52
1516,52
1517,52
1518,51
1519,51
1520,50
1521,47
1522,45
1523,44
1524,44
1525,43
1526,42
1527,42
1528,42
1529,41
1530,41
1531,42
1532,41
1533,42
1534,42
1535,42
1536,44
1537,44
1538,43
1539,42
1540,44
1541,44
1542,44
1543,43
1544,43
1545,43
1546,42
1547,42
1548,41
1549,41
1550,41
1551,40
1552,39
1553,40
1554,41
1555,40
1556,40
1557,40
1558,41
1559,42
1560,42
1561,42
1562,42
1563,42
1564,42
1565,42
1566,42
1567,42
1568,42
1569,42
1570,42
1571,42
1572,42
1573,42
1574,42
1575,42
1576,44
1577,46
1578,47
1579,56
1580,56
1581,56
1582,56
1583,56
1584,56
1585,56
1586,56
1587,56
1588,56
1589,56
1590,56
1591,56
1592,56
1593,56
1594,56
1595,56
1596,56
1597,56
1598,56
1599,56
1600,56
1601,56
1602,56
1603,56
1604,59
1605,59
1606,59
1607,59
1608,59
1609,59
1610,61
1611,61
1612,60
1613,60
1614,60
1615,60
1616,60
1617,64
1618,68
1619,66
1620,62
1621,51
1622,51
1623,51
1624,51
1625,46
1626,44
1627,45
1628,44
1629,43
1630,44
1631,44
1632,42
1633,42
1634,42
1635,41
1636,41
1637,41
1638,42
1639,42
1640,42
1641,42
1642,42
1643,43
1644,42
1645,43
1646,42
1647,43
1648,44
1649,45
1650,46
1651,47
1652,47
1653,46
1654,46
1655,47
1656,47
1657,46
1658,46
1659,46
1660,47
1661,46
1662,46
1663,47
1664,47
1665,48
1666,49
1667,49
1668,50
1669,50
1670,49
1671,49
1672,48
1673,47
1674,48
1675,48
1676,48
1677,50
1678,51
1679,51
1680,51
1681,50
1682,48
1683,49
1684,48
1685,48
1686,47
1687,48
1688,48
1689,48
1690,48
1691,49
1692,50
1693,50
1694,50
1695,48
1696,49
1697,49
1698,49
1699,50
1700,50
1701,50
1702,50
1703,51
1704,50
1705,50
1706,50
1707,50
1708,49
1709,47
1710,47
1711,47
1712,49
1713,48
1714,49
1715,48
1716,47
1717,46
1718,46
1719,46
1720,45
1721,45
1722,43
1723,41
1724,41
1725,41
1726,40
1727,40
1728,40
1729,40
1730,41
1731,40
1732,40
1733,41
1734,43
1735,43
1736,43
1737,43
1738,44
1739,45
1740,47
1741,47
1742,47
1743,48
1744,50
1745,51
1746,55
1747,52
1748,49
1749,48
1750,46
1751,44
1752,44
1753,44
1754,44
1755,44
1756,45
1757,45
1758,44
1759,44
1760,44
1761,44
1762,46
1763,46
1764,46
1765,47
1766,48
1767,49
1768,48
1769,48
1770,49
1771,49
1772,49
1773,50
1774,49
1775,49
1776,49
1777,47
1778,46
1779,47
1780,47
1781,47
1782,47
1783,47
1784,46
1785,45
1786,45
1787,45
1788,44
1789,43
1790,42
1791,41
1792,42
1793,41
1794,40
1795,40
1796,39
1797,39
1798,39
1799,40
1800,41
1801,41
1802,40
1803,40
1804,40
1805,40
1806,40
1807,40
1808,41
1809,42
1810,42
1811,44
1812,44
1813,43
1814,44
1815,44
1816,44
1817,45
1818,44
1819,45
1820,46
1821,46
1822,46
1823,46
1824,47
1825,46
1826,46
1827,46
1828,47
1829,46
1830,44
1831,43
1832,42
1833,42
1834,42
1835,42
1836,42
1837,42
1838,41
1839,41
1840,40
1841,41
1842,41
1843,41
1844,41
1845,42
1846,43
1847,42
1848,43
1849,44
1850,43
1851,44
1852,43
1853,43
1854,42
1855,44
1856,43
1857,43
1858,44
1859,43
1860,43
1861,43
1862,44
1863,44
1864,45
1865,46
1866,46
1867,47
1868,47
1869,47
1870,47
1871,46
1872,46
1873,46
1874,46
1875,46
1876,45
1877,44
1878,44
1879,44
1880,44
1881,44
1882,44
1883,45
1884,45
1885,44
1886,44
1887,44
1888,44
1889,44
1890,45
1891,45
1892,46
1893,45
1894,45
1895,45
1896,44
1897,44
1898,44
1899,45
1900,46
1901,46
1902,47
1903,47
1904,48
1905,48
1906,48
1907,48
1908,49
1909,49
1910,49
1911,49
1912,49
1913,48
1914,47
1915,46
1916,46
1917,45
1918,45
1919,44
1920,43
1921,43
1922,43
1923,43
1924,43
1925,43
1926,44
1927,44
1928,44
1929,44
1930,43
1931,44
1932,44
1933,44
1934,44
1935,45
1936,44
1937,44
1938,43
1939,42
1940,42
1941,41
1942,42
1943,43
1944,43
1945,44
1946,43
1947,43
1948,42
1949,41
1950,41
1951,42
1952,42
1953,42
1954,42
1955,41
1956,41
1957,40
1958,40
1959,39
1960,38
1961,39
1962,39
1963,39
1964,40
1965,39
1966,39
1967,40
1968,41
1969,41
1970,40
1971,40
1972,40
1973,40
1974,39
1975,38
1976,37
1977,37
1978,38
1979,38
1980,38
1981,37
1982,37
1983,38
1984,38
1985,38
1986,39
1987,38
1988,38
1989,39
1990,39
1991,39
1992,38
1993,39
1994,38
1995,38
1996,38
1997,38
1998,38
1999,37
2000,38
2001,38
2002,37
2003,37
2004,36
2005,36
2006,36
2007,37
2008,37
2009,38
2010,37
2011,39
2012,39
2013,39
2014,40
2015,39
2016,38
2017,38
2018,39
2019,40
2020,40
2021,39
2022,39
2023,39
2024,38
2025,39
2026,39
2027,39
2028,40
2029,40
2030,40
2031,39
2032,39
2033,38
2034,36
2035,36
2036,39
2037,39
2038,38
2039,39
2040,38
2041,38
2042,37
2043,36
2044,34
2045,34
2046,36
2047,36
2048,38
2049,39
2050,39
2051,39
2052,38
2053,38
2054,38
2055,38
2056,38
2057,36
2058,35
2059,36
2060,35
2061,35
2062,36
2063,36
2064,36
2065,36
2066,36
2067,37
2068,36
2069,36
2070,36
2071,37
2072,38
2073,39
2074,40
2075,40
2076,40
2077,40
2078,41
2079,40
2080,38
2081,38
2082,37
2083,37
2084,36
2085,35
2086,34
2087,32
2088,30
2089,29
2090,28
2091,29
2092,28
2093,28
2094,28
2095,28
2096,27
2097,25
2098,24
2099,24
2100,24
2101,25
2102,26
2103,26
2104,28
2105,30
2106,32
2107,33
2108,31
2109,29
2110,30
2111,31
2112,30
2113,30
2114,30
2115,31
2116,30
2117,30
2118,30
2119,30
2120,30
2121,30
2122,30
2123,30
2124,30
2125,30
2126,32
2127,33
2128,35
2129,35
2130,36
2131,36
2132,39
2133,39
2134,38
2135,36
2136,37
2137,39
2138,39
2139,40
2140,42
2141,41
2142,41
2143,40
2144,41
2145,41
2146,41
2147,40
2148,38
2149,39
2150,39
2151,38
2152,37
2153,36
2154,36
2155,36
2156,36
2157,37
2158,37
2159,37
2160,36
2161,35
2162,34
2163,35
2164,35
2165,35
2166,36
2167,37
2168,37
2169,36
2170,36
2171,37
2172,37
2173,36
2174,35
2175,35
2176,37
2177,37
2178,38
2179,38
2180,37
2181,37
2182,38
2183,40
2184,41
2185,40
2186,40
2187,38
2188,39
2189,40
2190,40
2191,39
2192,39
2193,38
2194,38
2195,38
2196,35
2197,34
2198,34
2199,35
2200,34
2201,34
2202,35
2203,36
2204,35
2205,35
2206,36
2207,37
2208,38
2209,38
2210,39
2211,40
2212,41
2213,41
2214,42
2215,42
2216,42
2217,42
2218,43
2219,44
2220,44
2221,44
2222,43
2223,44
2224,43
2225,43
2226,43
2227,43
2228,43
2229,43
2230,44
2231,44
2232,44
2233,44
2234,44
2235,44
2236,44
2237,45
2238,45
2239,46
2240,46
2241,47
2242,46
2243,46
2244,45
2245,46
2246,46
2247,46
2248,46
2249,46
2250,47
2251,46
2252,46
2253,46
2254,45
2255,45
2256,45
2257,44
2258,43
2259,43
2260,43
2261,41
2262,40
2263,41
2264,42
2265,42
2266,42
2267,42
2268,42
2269,40
2270,40
2271,41
2272,43
2273,44
2274,44
2275,43
2276,43
2277,42
2278,41
2279,40
2280,40
2281,39
2282,39
2283,38
2284,38
2285,37
2286,37
2287,37
2288,37
2289,38
2290,38
2291,39
2292,41
2293,41
2294,41
2295,41
2296,42
2297,42
2298,42
2299,44
2300,45
2301,44
2302,44
2303,44
2304,44
2305,42
2306,41
2307,39
2308,40
2309,41
2310,40
2311,40
2312,40
2313,40
2314,38
2315,38
2316,39
2317,38
2318,37
2319,37
2320,37
2321,38
2322,38
2323,38
2324,38
2325,38
2326,39
2327,38
2328,36
2329,36
2330,34
2331,32
2332,33
2333,33
2334,34
2335,35
2336,35
2337,34
2338,34
2339,33
2340,32
2341,32
2342,32
2343,34
2344,35
2345,35
2346,37
2347,38
2348,40
2349,42
2350,44
2351,44
2352,43
2353,42
2354,41
2355,38
2356,33
2357,32
2358,30
2359,28
2360,28
2361,25
2362,24
2363,24
2364,24
2365,25
2366,26
2367,28
2368,28
2369,29
2370,31
2371,32
2372,32
2373,33
2374,34
2375,34
2376,34
2377,35
2378,35
2379,35
2380,34
2381,34
2382,33
2383,32
2384,31
2385,30
2386,29
2387,30
2388,29
2389,28
2390,29
2391,28
2392,28
2393,28
2394,27
2395,27
2396,25
2397,25
2398,23
2399,25
2400,25
2401,26
2402,26
2403,26
2404,25
2405,24
2406,25
2407,24
2408,23
2409,23
2410,23
2411,25
2412,26
2413,26
2414,24
2415,23
2416,23
2417,22
2418,22
2419,23
2420,23
2421,23
2422,25
2423,26
2424,25
2425,24
2426,24
2427,25
2428,26
2429,28
2430,29
2431,29
2432,29
2433,30
2434,30
2435,30
2436,31
2437,31
2438,30
2439,31
2440,33
2441,34
2442,34
2443,34
2444,33
2445,33
2446,34
2447,37
2448,38
2449,38
2450,39
2451,38
2452,38
2453,38
2454,38
2455,38
2456,38
2457,37
2458,37
2459,38
2460,38
2461,38
2462,36
2463,36
2464,34
2465,34
2466,33
2467,33
2468,33
2469,33
2470,34
2471,34
2472,34
2473,34
2474,35
2475,36
2476,36
2477,36
2478,37
2479,39
2480,41
2481,41
2482,41
2483,41
2484,41
2485,41
2486,41
2487,41
2488,40
2489,40
2490,41
2491,41
2492,40
2493,40
2494,39
2495,39
2496,39
2497,37
2498,37
2499,37
2500,38
2501,40
2502,41
2503,41
2504,41
2505,41
2506,41
2507,41
2508,41
2509,42
2510,42
2511,41
2512,42
2513,42
2514,42
2515,43
2516,43
2517,43
2518,43
2519,43
2520,43
2521,44
2522,44
2523,44
2524,44
2525,45
2526,45
2527,46
2528,46
2529,46
2530,46
2531,47
2532,47
2533,47
2534,47
2535,47
2536,48
2537,48
2538,46
2539,46
2540,46
2541,47
2542,48
2543,47
2544,46
2545,46
2546,46
2547,46
2548,46
2549,44
2550,44
2551,44
2552,45
2553,45
2554,45
2555,45
2556,45
2557,45
2558,45
2559,45
2560,44
2561,44
2562,44
2563,44
2564,45
2565,46
2566,46
2567,46
2568,47
2569,47
2570,47
2571,48
2572,48
2573,48
2574,49
2575,49
2576,49
2577,49
2578,50
2579,49
2580,49
2581,48
2582,47
2583,46
2584,46
2585,46
2586,45
2587,45
2588,44
2589,44
2590,45
2591,44
2592,44
2593,44
2594,44
2595,44
2596,45
2597,45
2598,46
2599,46
2600,47
2601,47
2602,49
2603,49
2604,49
2605,48
2606,48
2607,48
2608,48
2609,48
2610,48
2611,48
2612,48
2613,48
2614,48
2615,48
2616,50
2617,52
2618,50
2619,50
2620,50
2621,50
2622,50
2623,50
2624,50
2625,50
2626,50
2627,50
2628,50
2629,50
2630,51
2631,50
2632,50
2633,49
2634,49
2635,49
2636,49
2637,49
2638,48
2639,48
2640,47
2641,47
2642,46
2643,46
2644,46
2645,45
2646,45
2647,44
2648,44
2649,43
2650,43
2651,43
2652,42
2653,43
2654,43
2655,44
2656,44
2657,46
2658,46
2659,46
2660,45
2661,44
2662,43
2663,43
2664,43
2665,43
2666,43
2667,43
2668,43
2669,43
2670,43
2671,43
2672,43
2673,43
2674,43
2675,43
2676,43
2677,42
2678,41
2679,39
2680,39
2681,40
2682,40
2683,40
2684,40
2685,40
2686,40
2687,40
2688,40
2689,40
2690,39
2691,39
2692,38
2693,37
2694,38
2695,38
2696,39
2697,39
2698,39
2699,40
2700,39
2701,39
2702,39
2703,39
2704,39
2705,38
2706,38
2707,38
2708,38
2709,38
2710,38
2711,38
2712,39
2713,39
2714,38
2715,37
2716,37
2717,37
2718,38
2719,37
2720,38
2721,38
2722,38
2723,37
2724,38
2725,38
2726,38
2727,38
2728,38
2729,38
2730,38
2731,38
2732,38
2733,38
2734,38
2735,38
2736,39
2737,38
2738,39
2739,39
2740,39
2741,39
2742,38
2743,38
2744,37
2745,37
2746,38
2747,38
2748,38
2749,38
2750,37
2751,37
2752,37
2753,37
2754,37
2755,37
2756,37
2757,37
2758,36
2759,35
2760,35
2761,34
2762,33
2763,33
2764,32
2765,32
2766,33
2767,32
2768,32
2769,32
2770,32
2771,34
2772,35
2773,35
2774,35
2775,36
2776,37
2777,38
2778,38
2779,38
2780,38
2781,38
2782,38
2783,38
2784,38
2785,39
2786,40
2787,40
2788,40
2789,40
2790,40
2791,40
2792,41
2793,42
2794,43
2795,43
2796,43
2797,43
2798,42
2799,43
2800,44
2801,44
2802,42
2803,43
2804,42
2805,42
2806,42
2807,40
2808,40
2809,40
2810,40
2811,39
2812,39
2813,40
2814,39
2815,37
2816,36
2817,37
2818,36
2819,36
2820,36
2821,36
2822,37
2823,38
2824,38
2825,37
2826,39
2827,39
2828,39
2829,40
2830,42
2831,42
2832,41
2833,41
2834,41
2835,41
2836,42
2837,43
2838,42
2839,42
2840,43
2841,43
2842,43
2843,43
2844,43
2845,45
2846,45
2847,47
2848,48
2849,49
2850,50
2851,50
2852,51
2853,51
2854,51
2855,49
2856,48
2857,48
2858,47
2859,46
2860,45
2861,45
2862,44
2863,44
2864,44
2865,45
2866,44
2867,44
2868,44
2869,44
2870,44
2871,45
2872,46
2873,46
2874,46
2875,46
2876,46
2877,46
2878,46
2879,46
2880,46
2881,45
2882,45
2883,45
2884,45
2885,44
2886,44
2887,44
2888,44
2889,45
2890,45
2891,45
2892,45
2893,46
2894,45
2895,45
2896,45
2897,45
2898,45
2899,45
2900,45
2901,44
2902,43
2903,43
2904,42
2905,41
2906,42
2907,42
2908,42
2909,43
2910,42
2911,42
2912,43
2913,42
2914,42
2915,42
2916,42
2917,43
2918,43
2919,44
2920,44
2921,44
2922,44
2923,44
2924,44
2925,44
2926,44
2927,44
2928,44
2929,45
2930,45
2931,45
2932,44
2933,43
2934,43
2935,43
2936,44
2937,43
2938,43
2939,43
2940,44
2941,43
2942,42
2943,43
2944,43
2945,44
2946,45
2947,46
2948,46
2949,46
2950,46
2951,45
2952,45
2953,45
2954,44
2955,43
2956,43
2957,43
2958,44
2959,43
2960,43
2961,44
2962,44
2963,44
2964,44
2965,45
2966,45
2967,44
2968,44
2969,45
2970,46
2971,47
2972,47
2973,46
2974,46
2975,46
2976,46
2977,46
2978,46
2979,46
2980,46
2981,46
2982,46
2983,46
2984,46
2985,45
2986,45
2987,45
2988,46
2989,45
2990,44
2991,44
2992,44
2993,43
2994,43
2995,43
2996,43
2997,43
2998,44
2999,43
3000,44
3001,45
3002,44
3003,44
3004,45
3005,45
3006,45
3007,46
3008,46
3009,46
3010,46
3011,46
3012,46
3013,46
3014,46
3015,46
3016,46
3017,45
3018,45
3019,45
3020,44
3021,44
3022,43
3023,44
3024,44
3025,44
3026,44
3027,44
3028,43
3029,42
3030,42
3031,42
3032,42
3033,43
3034,43
3035,43
3036,43
3037,43
3038,43
3039,43
3040,43
3041,43
3042,44
3043,44
3044,44
3045,44
3046,44
3047,44
3048,44
3049,44
3050,44
3051,44
3052,44
3053,44
3054,44
3055,44
3056,44
3057,44
3058,44
3059,44
3060,44
3061,44
3062,43
3063,42
3064,42
3065,42
3066,42
3067,42
3068,43
3069,43
3070,43
3071,43
3072,43
3073,44
3074,44
3075,44
3076,44
3077,44
3078,44
3079,45
3080,46
3081,46
3082,46
3083,46
3084,46
3085,46
3086,46
3087,46
3088,46
3089,46
3090,46
3091,46
3092,46
3093,46
3094,46
3095,45
3096,45
3097,45
3098,45
3099,45
3100,45
3101,46
3102,46
3103,45
3104,45
3105,45
3106,45
3107,45
3108,44
3109,44
3110,42
3111,42
3112,42
3113,42
3114,42
3115,42
3116,42
3117,42
3118,42
3119,42
3120,42
3121,42
3122,42
3123,42
3124,41
3125,41
3126,41
3127,41
3128,41
3129,41
3130,41
3131,41
3132,41
3133,41
3134,41
3135,41
3136,41
3137,41
3138,41
3139,41
3140,42
3141,41
3142,39
3143,39
3144,41
3145,40
3146,40
3147,40
3148,40
3149,39
3150,39
3151,39
3152,41
3153,42
3154,44
3155,43
3156,43
3157,42
3158,42
3159,42
3160,43
3161,44
3162,45
3163,45
3164,45
3165,45
3166,44
3167,43
3168,42
3169,42
3170,42
3171,42
3172,42
3173,42
3174,42
3175,41
3176,42
3177,43
3178,42
3179,41
3180,42
3181,42
3182,42
3183,42
3184,41
3185,41
3186,41
3187,41
3188,41
3189,43
3190,44
3191,45
3192,46
3193,47
3194,47
3195,47
3196,47
3197,47
3198,47
3199,47
3200,47
3201,47
3202,47
3203,49
3204,48
3205,48
3206,48
3207,48
3208,46
3209,48
3210,48
3211,48
3212,48
3213,48
3214,48
3215,47
3216,48
3217,48
3218,46
3219,45
3220,43
3221,44
3222,44
3223,44
3224,43
3225,43
3226,42
3227,42
3228,41
3229,40
3230,40
3231,40
3232,40
3233,40
3234,39
3235,38
3236,37
3237,36
3238,37
3239,38
3240,38
3241,39
3242,38
3243,39
3244,39
3245,39
3246,38
3247,39
3248,40
3249,41
3250,42
3251,42
3252,42
3253,43
3254,42
3255,43
3256,43
3257,44
3258,44
3259,44
3260,43
3261,44
3262,43
3263,44
3264,44
3265,45
3266,45
3267,44
3268,44
3269,44
3270,44
3271,44
3272,44
3273,44
3274,44
3275,44
3276,44
3277,44
3278,44
3279,44
3280,44
3281,44
3282,44
3283,44
3284,44
3285,45
3286,45
3287,45
3288,45
3289,45
3290,45
3291,45
3292,45
3293,45
3294,46
3295,45
3296,44
3297,44
3298,46
3299,45
3300,44
3301,43
3302,44
3303,44
3304,45
3305,45
3306,44
3307,46
3308,45
3309,45
3310,46
3311,45
3312,46
3313,45
3314,45
3315,46
3316,45
3317,45
3318,44
3319,44
3320,44
3321,45
3322,44
3323,45
3324,45
3325,45
3326,45
3327,45
3328,45
3329,45
3330,45
3331,45
3332,45
3333,45
3334,45
3335,45
3336,45
3337,45
3338,45
3339,45
3340,45
3341,45
3342,46
3343,46
3344,48
3345,48
3346,48
3347,48
3348,48
3349,48
3350,47
3351,46
3352,45
3353,45
3354,45
3355,46
3356,45
3357,45
3358,44
3359,44
3360,44
3361,45
3362,44
3363,44
3364,44
3365,45
3366,45
3367,45
3368,45
3369,45
3370,45
3371,45
3372,44
3373,45
3374,44
3375,43
3376,43
3377,44
3378,44
3379,43
3380,42
3381,43
3382,44
3383,44
3384,44
3385,44
3386,44
3387,44
3388,44
3389,44
3390,44
3391,44
3392,45
3393,44
3394,45
3395,45
3396,45
3397,46
3398,46
3399,47
3400,48
3401,48
3402,47
3403,48
3404,47
3405,47
3406,47
3407,46
3408,47
3409,47
3410,48
3411,48
3412,48
3413,48
3414,48
3415,47
3416,48
3417,49
3418,49
3419,49
3420,50
3421,50
3422,49
3423,49
3424,48
3425,48
3426,47
3427,47
3428,47
3429,46
3430,46
3431,46
3432,46
3433,46
3434,46
3435,46
3436,46
3437,47
3438,46
3439,47
3440,48
3441,48
3442,47
3443,46
3444,46
3445,46
3446,45
3447,45
3448,45
3449,45
3450,44
3451,44
3452,44
3453,43
3454,42
3455,42
3456,42
3457,42
3458,42
3459,42
3460,42
3461,43
3462,42
3463,42
3464,42
3465,42
3466,42
3467,43
3468,44
3469,44
3470,43
3471,43
3472,43
3473,44
3474,45
3475,45
3476,46
3477,47
3478,47
3479,47
3480,48
3481,48
3482,48
3483,47
3484,47
3485,47
3486,47
3487,47
3488,47
3489,47
3490,47
3491,46
3492,46
3493,44
3494,44
3495,44
3496,43
3497,43
3498,43
3499,44
3500,45
3501,45
3502,44
3503,44
3504,44
3505,44
3506,45
3507,46
3508,46
3509,47
3510,47
3511,46
3512,46
3513,47
3514,48
3515,47
3516,47
3517,48
3518,47
3519,48
3520,49
3521,49
3522,50
3523,49
3524,49
3525,50
3526,51
3527,50
3528,49
3529,48
3530,48
3531,47
3532,47
3533,47
3534,47
3535,47
3536,48
3537,47
3538,46
3539,46
3540,46
3541,46
3542,46
3543,46
3544,46
3545,46
3546,46
3547,46
3548,46
3549,44
3550,44
3551,44
3552,44
3553,44
3554,44
3555,44
3556,44
3557,44
3558,44
3559,45
3560,46
3561,47
3562,47
3563,46
3564,47
3565,47
3566,46
3567,47
3568,47
3569,46
3570,47
3571,47
3572,48
3573,48
3574,47
3575,47
3576,48
3577,50
3578,52
3579,50
3580,50
3581,51
3582,49
3583,49
3584,50
3585,50
3586,48
3587,46
3588,46
3589,47
3590,46
3591,46
3592,46
3593,46
3594,46
3595,46
3596,46
3597,48
3598,47
3599,47
3600,48
3601,48
3602,48
3603,49
3604,49
3605,49
3606,49
3607,49
3608,49
3609,49
3610,49
3611,49
3612,48
3613,48
3614,49
3615,49
3616,49
3617,49
3618,49
3619,49
3620,49
3621,49
3622,49
3623,49
3624,49
3625,48
3626,48
3627,48
3628,48
3629,47
3630,47
3631,47
3632,46
3633,46
3634,46
3635,47
3636,46
3637,45
3638,45
3639,45
3640,46
3641,46
3642,46
3643,45
3644,46
3645,45
3646,46
3647,46
3648,46
3649,46
3650,46
3651,47
3652,47
3653,48
3654,48
3655,48
3656,48
3657,49
3658,50
3659,50
3660,49
3661,48
3662,49
3663,49
3664,47
3665,46
3666,45
3667,45
3668,45
3669,44
3670,44
3671,43
3672,43
3673,43
3674,43
3675,43
3676,42
3677,42
3678,42
3679,42
3680,42
3681,41
3682,42
3683,41
3684,43
3685,43
3686,44
3687,44
3688,44
3689,44
3690,44
3691,44
3692,45
3693,45
3694,46
3695,46
3696,46
3697,47
3698,47
3699,46
3700,47
3701,47
3702,48
3703,48
3704,47
3705,48
3706,49
3707,48
3708,47
3709,47
3710,48
3711,48
3712,47
3713,48
3714,47
3715,47
3716,46
3717,46
3718,45
3719,45
3720,45
3721,45
3722,46
3723,46
3724,46
3725,46
3726,46
3727,46
3728,46
3729,47
3730,47
3731,47
3732,47
3733,47
3734,47
3735,46
3736,46
3737,46
3738,47
3739,47
3740,46
3741,47
3742,47
3743,46
3744,45
3745,46
3746,46
3747,46
3748,46
3749,46
3750,46
3751,45
3752,46
3753,45
3754,44
3755,44
3756,43
3757,43
3758,43
3759,44
3760,44
3761,44
3762,44
3763,44
3764,43
3765,43
3766,44
3767,44
3768,43
3769,44
3770,45
3771,45
3772,44
3773,45
3774,45
3775,44
3776,44
3777,44
3778,45
3779,46
3780,46
3781,45
3782,45
3783,46
3784,46
3785,46
3786,47
3787,48
3788,47
3789,46
3790,46
3791,47
3792,48
3793,47
3794,47
3795,47
3796,47
3797,48
3798,47
3799,47
3800,46
3801,46
3802,45
3803,46
3804,46
3805,46
3806,46
3807,45
3808,45
3809,46
3810,45
3811,45
3812,44
3813,45
3814,45
3815,46
3816,45
3817,45
3818,45
3819,44
3820,45
3821,44
3822,44
3823,44
3824,43
3825,44
3826,44
3827,44
3828,44
3829,45
3830,45
3831,45
3832,46
3833,47
3834,47
3835,47
3836,48
3837,48
3838,48
3839,48
3840,49
3841,48
3842,48
3843,48
3844,48
3845,48
3846,49
3847,48
3848,47
3849,47
3850,47
3851,46
3852,47
3853,47
3854,47
3855,47
3856,47
3857,46
3858,46
3859,45
3860,44
3861,44
3862,45
3863,45
3864,44
3865,45
3866,46
3867,46
3868,46
3869,45
3870,46
3871,46
3872,47
3873,48
3874,49
3875,49
3876,49
3877,49
3878,48
3879,48
3880,48
3881,48
3882,47
3883,46
3884,46
3885,46
3886,45
3887,44
3888,44
3889,44
3890,43
3891,43
3892,44
3893,44
3894,45
3895,44
3896,44
3897,44
3898,43
3899,44
3900,44
3901,44
3902,44
3903,44
3904,44
3905,44
3906,45
3907,45
3908,44
3909,45
3910,46
3911,47
3912,48
3913,48
3914,48
3915,47
3916,47
3917,48
3918,47
3919,48
3920,48
3921,47
3922,47
3923,48
3924,47
3925,46
3926,46
3927,46
3928,46
3929,47
3930,47
3931,47
3932,46
3933,46
3934,46
3935,45
3936,45
3937,45
3938,45
3939,45
3940,45
3941,45
3942,44
3943,44
3944,44
3945,44
3946,44
3947,44
3948,44
3949,44
3950,44
3951,44
3952,44
3953,45
3954,45
3955,45
3956,45
3957,45
3958,45
3959,45
3960,44
3961,43
3962,43
3963,43
3964,43
3965,44
3966,44
3967,44
3968,44
3969,44
3970,44
3971,43
3972,43
3973,42
3974,42
3975,43
3976,43
3977,44
3978,44
3979,43
3980,43
3981,43
3982,44
3983,44
3984,44
3985,44
3986,45
3987,45
3988,46
3989,46
3990,46
3991,46
3992,46
3993,46
3994,46
3995,46
3996,45
3997,45
3998,45
3999,45
4000,44
4001,45
4002,44
4003,44
4004,44
4005,44
4006,45
4007,45
4008,44
4009,44
4010,44
4011,45
4012,45
4013,44
4014,44
4015,45
4016,44
4017,44
4018,44
4019,44
4020,43
4021,42
4022,42
4023,43
4024,44
4025,44
4026,44
4027,44
4028,45
4029,45
4030,45
4031,45
4032,45
4033,45
4034,46
4035,46
4036,47
4037,48
4038,47
4039,46
4040,45
4041,44
4042,44
4043,44
4044,43
4045,43
4046,43
4047,42
4048,42
4049,42
4050,41
4051,42
4052,42
4053,43
4054,43
4055,44
4056,44
4057,44
4058,44
4059,43
4060,42
4061,43
4062,44
4063,44
4064,44
4065,44
4066,43
4067,43
4068,43
4069,44
4070,44
4071,44
4072,43
4073,43
4074,44
4075,44
4076,43
4077,44
4078,44
4079,44
4080,43
4081,44
4082,44
4083,44
4084,44
4085,43
4086,43
4087,43
4088,43
4089,44
4090,44
4091,44
4092,44
4093,44
4094,44
4095,45
4096,46
4097,46
4098,46
4099,46
4100,47
4101,48
4102,48
4103,47
4104,47
4105,47
4106,47
4107,47
4108,47
4109,46
4110,46
4111,45
4112,45
4113,44
4114,44
4115,43
4116,43
4117,42
4118,42
4119,42
4120,42
4121,43
4122,44
4123,44
4124,44
4125,44
4126,44
4127,43
4128,44
4129,45
4130,46
4131,46
4132,47
4133,48
4134,48
4135,48
4136,48
4137,48
4138,48
4139,48
4140,48
4141,48
4142,49
4143,50
4144,50
4145,49
4146,48
4147,47
4148,46
4149,46
4150,46
4151,46
4152,46
4153,46
4154,47
4155,46
4156,46
4157,46
4158,45
4159,46
4160,47
4161,48
4162,48
4163,49
4164,49
4165,49
4166,49
4167,50
4168,50
4169,49
4170,49
4171,49
4172,49
4173,49
4174,49
4175,48
4176,49
4177,49
4178,49
4179,49
4180,47
4181,47
4182,47
4183,46
4184,47
4185,47
4186,47
4187,47
4188,47
4189,46
4190,46
4191,47
4192,47
4193,46
4194,47
4195,49
4196,48
4197,48
4198,48
4199,47
4200,48
4201,47
4202,47
4203,48
4204,48
4205,48
4206,47
4207,47
4208,47
4209,46
4210,46
4211,46
4212,45
4213,45
4214,44
4215,44
4216,45
4217,45
4218,44
4219,44
4220,44
4221,44
4222,44
4223,44
4224,44
4225,44
4226,44
4227,45
4228,45
4229,45
4230,46
4231,46
4232,45
4233,44
4234,45
4235,44
4236,45
4237,46
4238,46
4239,47
4240,47
4241,47
4242,46
4243,47
4244,47
4245,46
4246,46
4247,46
4248,46
4249,45
4250,44
4251,44
4252,43
4253,42
4254,42
4255,42
4256,43
4257,43
4258,42
4259,43
4260,44
4261,43
4262,44
4263,45
4264,46
4265,47
4266,47
4267,48
4268,48
4269,49
4270,49
4271,48
4272,47
4273,47
4274,47
4275,46
4276,46
4277,45
4278,45
4279,45
4280,44
4281,45
4282,45
4283,46
4284,46
4285,46
4286,46
4287,46
4288,46
4289,46
4290,46
4291,47
4292,46
4293,47
4294,47
4295,48
4296,48
4297,48
4298,48
4299,48
4300,48
4301,48
4302,48
4303,48
4304,48
4305,48
4306,48
4307,49
4308,49
4309,50
4310,48
4311,47
4312,47
4313,47
4314,47
4315,46
4316,47
4317,47
4318,47
4319,47
4320,47
4321,47
4322,47
4323,46
4324,47
4325,49
4326,50
4327,51
4328,51
4329,52
4330,52
4331,52
4332,53
4333,54
4334,54
4335,51
4336,50
4337,0
4338,0
4339,0
4340,0
4341,0
4342,0
4343,0
4344,0
4345,0
4346,0
4347,0
4348,0
4349,0
4350,0
4351,0
4352,0
4353,48
4354,48
4355,48
4356,48
4357,48
4358,48
4359,48
4360,49
4361,49
4362,48
4363,48
4364,48
4365,48
4366,46
4367,45
4368,43
4369,43
4370,43
4371,42
4372,42
4373,43
4374,42
4375,42
4376,42
4377,42
4378,42
4379,42
4380,42
4381,42
4382,43
4383,44
4384,44
4385,45
4386,46
4387,47
4388,50
4389,50
4390,51
4391,50
4392,50
4393,51
4394,50
4395,50
4396,49
4397,50
4398,48
4399,47
4400,48
4401,47
4402,48
4403,46
4404,47
4405,46
4406,46
4407,45
4408,45
4409,46
4410,47
4411,48
4412,48
4413,47
4414,47
4415,47
4416,47
4417,46
4418,46
4419,44
4420,44
4421,44
4422,44
4423,44
4424,44
4425,45
4426,46
4427,45
4428,47
4429,48
4430,48
4431,48
4432,48
4433,48
4434,50
4435,52
4436,55
4437,56
4438,58
4439,58
4440,59
4441,58
4442,59
4443,59
4444,58
4445,56
4446,54
4447,54
4448,54
4449,54
4450,54
4451,54
4452,54
4453,53
4454,52
4455,50
4456,51
4457,49
4458,49
4459,47
4460,47
4461,46
4462,45
4463,45
4464,45
4465,45
4466,45
4467,45
4468,45
4469,46
4470,46
4471,46
4472,48
4473,49
4474,49
4475,49
4476,50
4477,51
4478,53
4479,53
4480,53
4481,54
4482,55
4483,55
4484,55
4485,56
4486,56
4487,55
4488,55
4489,55
4490,56
4491,58
4492,56
4493,54
4494,53
4495,54
4496,52
4497,51
4498,51
4499,51
4500,49
4501,48
4502,49
4503,49
4504,50
4505,50
4506,49
4507,49
4508,47
4509,48
4510,48
4511,49
4512,49
4513,49
4514,50
4515,51
4516,52
4517,52
4518,54
4519,55
4520,56
4521,56
4522,56
4523,56
4524,56
4525,56
4526,56
4527,56
4528,56
4529,56
4530,55
4531,55
4532,53
4533,54
4534,54
4535,52
4536,51
4537,50
4538,50
4539,49
4540,49
4541,48
4542,49
4543,48
4544,48
4545,48
4546,49
4547,50
4548,50
4549,50
4550,49
4551,48
4552,48
4553,49
4554,50
4555,49
4556,48
4557,48
4558,48
4559,49
4560,49
4561,49
4562,50
4563,51
4564,51
4565,53
4566,58
4567,60
4568,59
4569,59
4570,59
4571,61
4572,66
4573,70
4574,70
4575,70
4576,70
4577,71
4578,71
4579,71
4580,72
4581,73
4582,71
4583,70
4584,71
4585,71
4586,73
4587,74
4588,74
4589,74
4590,74
4591,74
4592,74
4593,74
4594,74
4595,75
4596,75
4597,74
4598,74
4599,75
4600,75
4601,75
4602,75
4603,75
4604,75
4605,75
4606,76
4607,76
4608,74
4609,73
4610,73
4611,74
4612,75
4613,75
4614,74
4615,74
4616,74
4617,73
4618,73
4619,73
4620,73
4621,73
4622,73
4623,73
4624,73
4625,73
4626,74
4627,74
4628,73
4629,74
4630,74
4631,74
4632,74
4633,74
4634,74
4635,74
4636,74
4637,75
4638,74
4639,74
4640,74
4641,75
4642,74
4643,75
4644,74
4645,74
4646,74
4647,74
4648,74
4649,74
4650,74
4651,75
4652,75
4653,75
4654,75
4655,75
4656,72
4657,71
4658,70
4659,67
4660,67
4661,71
4662,71
4663,71
4664,72
4665,76
4666,76
4667,76
4668,76
4669,76
4670,76
4671,76
4672,76
4673,76
4674,76
4675,76
4676,76
4677,76
4678,76
4679,77
4680,76
4681,76
4682,76
4683,77
4684,78
4685,79
4686,79
4687,79
4688,78
4689,78
4690,77
4691,77
4692,78
4693,78
4694,79
4695,79
4696,79
4697,81
4698,81
4699,81
4700,80
4701,80
4702,80
4703,81
4704,81
4705,82
4706,82
4707,82
4708,82
4709,82
4710,83
4711,82
4712,83
4713,83
4714,83
4715,83
4716,83
4717,83
4718,83
4719,83
4720,83
4721,83
4722,82
4723,82
4724,82
4725,82
4726,82
4727,82
4728,83
4729,83
4730,83
4731,82
4732,82
4733,82
4734,82
4735,82
4736,82
4737,82
4738,82
4739,82
4740,82
4741,82
4742,82
4743,82
4744,81
4745,82
4746,82
4747,82
4748,82
4749,82
4750,82
4751,82
4752,82
4753,82
4754,82
4755,82
4756,82
4757,82
4758,82
4759,82
4760,82
4761,82
4762,82
4763,82
4764,82
4765,82
4766,81
4767,80
4768,81
4769,81
4770,81
4771,81
4772,80
4773,82
4774,82
4775,82
4776,82
4777,83
4778,83
4779,83
4780,83
4781,83
4782,83
4783,84
4784,85
4785,86
4786,86
4787,86
4788,84
4789,79
4790,81
4791,0
4792,0
4793,0
4794,0
4795,0
4796,0
4797,0
4798,0
4799,0
4800,0
4801,0
4802,0
4803,0
4804,0
4805,0
4806,0
4807,0
4808,0
4809,0
4810,0
4811,0
4812,0
4813,0
4814,0
4815,0
4816,0
4817,0
4818,0
4819,0
4820,0
4821,0
4822,0
4823,0
4824,0
4825,0
4826,0
4827,0
4828,0
4829,0
4830,0
4831,0
4832,0
4833,0
4834,0
4835,0
4836,0
4837,0
4838,0
4839,0
4840,0
4841,0
4842,0
4843,0
4844,0
4845,0
4846,0
4847,0
4848,0
4849,0
4850,0
4851,0
4852,0
4853,0
4854,0
4855,0
4856,0
4857,0
4858,0
4859,0
4860,0
4861,0
4862,0
4863,0
4864,0
4865,0
4866,0
4867,0
4868,0
4869,0
4870,0
4871,0
4872,0
4873,0
4874,0
4875,0
4876,0
4877,0
4878,0
4879,0
4880,0
4881,0
4882,0
4883,0
4884,0
4885,0
4886,0
4887,0
4888,0
4889,0
4890,0
4891,0
4892,0
4893,0
4894,0
4895,0
4896,0
4897,0
4898,0
4899,0
4900,0
4901,0
4902,0
4903,0
4904,0
4905,0
4906,0
4907,0
4908,0
4909,0
4910,0
4911,0
4912,0
4913,0
4914,0
4915,0
4916,0
4917,0
4918,0
4919,0
4920,0
4921,0
4922,0
4923,0
4924,0
4925,0
4926,0
4927,0
4928,0
4929,0
4930,0
4931,0
4932,0
4933,0
4934,0
4935,0
4936,0
4937,0
4938,0
4939,0
4940,0
4941,0
4942,0
4943,0
4944,0
4945,0
4946,0
4947,0
4948,0
4949,0
4950,0
4951,0
4952,0
4953,0
4954,0
4955,0
4956,0
4957,0
4958,0
4959,0
4960,0
4961,0
4962,0
4963,0
4964,0
4965,0
4966,0
4967,0
4968,0
4969,0
4970,0
4971,0
4972,0
4973,0
4974,0
4975,0
4976,0
4977,0
4978,0
4979,0
4980,0
4981,0
4982,0
4983,0
4984,0
4985,0
4986,0
4987,0
4988,0
4989,0
4990,0
4991,0
4992,0
4993,0
4994,0
4995,0
4996,0
4997,0
4998,0
4999,0
5000,0
5001,0
5002,0
5003,0
5004,0
5005,0
5006,0
5007,0
5008,0
5009,0
5010,0
5011,0
5012,0
5013,0
5014,0
5015,0
5016,0
5017,0
5018,0
5019,0
5020,0
5021,0
5022,0
5023,0
5024,0
5025,0
5026,0
5027,0
5028,0
5029,0
5030,0
5031,0
5032,0
5033,0
5034,0
5035,0
5036,0
5037,0
5038,0
5039,0
5040,0
5041,0
5042,0
5043,0
5044,0
5045,0
5046,0
5047,0
5048,0
5049,0
5050,0
5051,0
5052,0
5053,0
5054,0
5055,0
5056,0
5057,0
5058,0
5059,0
5060,0
5061,0
5062,0
5063,0
5064,0
5065,0
5066,0
5067,0
5068,0
5069,0
5070,0
5071,0
5072,0
5073,0
5074,0
5075,0
5076,0
5077,0
5078,0
5079,0
5080,0
5081,0
5082,0
5083,0
5084,0
5085,0
5086,0
5087,0
5088,0
5089,0
5090,0
5091,0
5092,0
5093,0
5094,0
5095,0
5096,0
5097,0
5098,0
5099,0
5100,0
5101,0
5102,0
5103,0
5104,0
5105,0
5106,0
5107,0
5108,0
5109,0
5110,0
5111,0
5112,0
5113,0
5114,0
5115,0
5116,0
5117,0
5118,0
5119,0
5120,0
5121,0
5122,0
5123,0
5124,0
5125,0
5126,0
5127,0
5128,0
5129,0
5130,0
5131,0
5132,0
5133,0
5134,0
5135,0
5136,0
5137,0
5138,0
5139,0
5140,0
5141,0
5142,0
5143,0
5144,0
5145,0
5146,0
5147,0
5148,0
5149,0
5150,0
5151,0
5152,0
5153,0
5154,0
5155,0
5156,0
5157,0
5158,0
5159,0
5160,0
5161,0
5162,0
5163,0
5164,0
5165,0
5166,0
5167,0
5168,0
5169,0
5170,0
5171,0
5172,0
5173,0
5174,0
5175,0
5176,0
5177,0
5178,0
5179,0
5180,0
5181,0
5182,0
5183,0
5184,0
5185,0
5186,0
5187,0
5188,0
5189,0
5190,0
5191,0
5192,0
5193,0
5194,0
5195,0
5196,0
5197,0
5198,0
5199,0
5200,0
5201,0
5202,0
5203,0
5204,0
5205,0
5206,0
5207,0
5208,0
5209,0
5210,0
5211,0
5212,0
5213,0
5214,0
5215,0
5216,0
5217,0
5218,0
5219,0
5220,0
5221,0
5222,0
5223,0
5224,0
5225,0
5226,0
5227,0
5228,0
5229,0
5230,0
5231,0
5232,0
5233,0
5234,0
5235,0
5236,0
5237,0
5238,0
5239,0
5240,0
5241,0
5242,0
5243,0
5244,0
5245,0
5246,0
5247,0
5248,0
5249,0
5250,0
5251,0
5252,0
5253,0
5254,0
5255,0
5256,0
5257,0
5258,0
5259,0
5260,0
5261,0
5262,0
5263,0
5264,0
5265,0
5266,0
5267,0
5268,0
5269,0
5270,0
5271,0
5272,0
5273,0
5274,0
5275,0
5276,0
5277,0
5278,0
5279,0
5280,0
5281,0
5282,0
5283,0
5284,0
5285,0
5286,0
5287,0
5288,0
5289,0
5290,0
5291,0
5292,0
5293,0
5294,0
5295,0
5296,0
5297,0
5298,0
5299,0
5300,0
5301,0
5302,0
5303,0
5304,0
5305,0
5306,0
5307,0
5308,0
5309,0
5310,0
5311,0
5312,0
5313,0
5314,0
5315,0
5316,0
5317,0
5318,0
5319,0
5320,0
5321,0
5322,0
5323,0
5324,0
5325,0
5326,0
5327,0
5328,0
5329,0
5330,0
5331,0
5332,0
5333,0
5334,0
5335,0
5336,0
5337,0
5338,0
5339,0
5340,0
5341,0
5342,0
5343,0
5344,0
5345,0
5346,0
5347,0
5348,0
5349,0
5350,0
5351,0
5352,0
